#,Name,Type,Category,Power
1,constriction,Normal,Physical,10
2,dard-nuee,Bug,Physical,14
3,torgnoles,Normal,Physical,15
4,etreinte,Normal,Physical,15
5,furie,Normal,Physical,15
6,ligotage,Normal,Physical,15
7,dard-venin,Poison,Physical,15
8,danse flamme,Fire,Special,15
9,pilonnage,Normal,Physical,15
10,poing-comete,Normal,Physical,18
11,combo-griffe,Normal,Physical,18
12,frenesie,Normal,Physical,20
13,lechouille,Ghost,Physical,20
14,puredpois,Poison,Special,20
15,picanon,Normal,Physical,20
16,ecume,Water,Special,20
17,double-dard,Bug,Physical,25
18,double pied,Fighting,Physical,30
19,cru-aile,Flying,Physical,35
20,fouet lianes,Grass,Physical,35
21,charge,Normal,Physical,35
22,picpic,Flying,Physical,35
23,claquoir,Water,Physical,35
24,ecras'face,Normal,Physical,40
25,jackpot,Normal,Physical,40
26,griffe,Normal,Physical,40
27,tornade,Flying,Special,40
28,acide,Poison,Special,40
29,flammeche,Fire,Special,40
30,pistolet a O,Water,Special,40
31,eclair,Electric,Special,40
32,vive attaque,Normal,Physical,40
33,poing-karate,Fighting,Physical,50
34,coupe,Normal,Physical,50
35,balatage,Fighting,Physical,50
36,jet-pierre,Rock,Physical,50
37,choc mentale,Psychic,Special,50
38,osmerang,Ground,Physical,50
39,lutte,Normal,Physical,50
40,force poigne,Normal,Physical,55
41,tranch'herbe,Grass,Physical,55
42,mawashi geri,Fighting,Physical,60
43,morsure,Normal,Physical,60
44,meteores,Normal,Special,60
45,ecrasement,Normal,Physical,65
46,koud'korne,Normal,Physical,65
47,rafale psy,Psychic,Special,65
48,bulles d'O,Water,Special,65
49,onde boreale,Ice,Special,65
50,detritus,Poison,Special,65
51,massd'os,Ground,Physical,65
52,vol,Flying,Physical,70
53,pied saute,Fighting,Physical,70
54,coup d'boule,Normal,Physical,70
55,dance-fleur,Grass,Special,70
56,uppercut,Normal,Physical,70
57,tranche,Normal,Physical,70
58,poing de feu,Fire,Physical,75
59,poing-glace,Ice,Physical,75
60,poing-eclair,Electric,Physical,75
61,eboulement,Rock,Physical,75
62,ultimapoing,Normal,Physical,80
63,coupe-vent,Normal,Special,80
64,souplesse,Normal,Physical,80
65,bec vrille,Flying,Physical,80
66,force,Normal,Physical,80
67,cascade,Water,Physical,80
68,croc de mort,Normal,Physical,80
69,triplattaque,Normal,Special,80
70,plaquage,Normal,Physical,85
71,pied voltige,Fighting,Physical,85
72,belier,Normal,Physical,90
73,mania,Normal,Physical,90
74,psyko,Psychic,Special,90
75,pince-masse,Water,Physical,90
76,lance-flammes,Fire,Special,95
77,surf,Water,Special,95
78,laser glace,Ice,Special,95
79,tonnerre,Electric,Special,95
80,seisme,Ground,Physical,100
81,tunnel,Ground,Physical,100
82,bomb d'oeuf,Normal,Physical,100
83,coud'krane,Normal,Physical,100
84,devoreve,Psychic,Special,100
85,ultimawashi,Normal,Physical,120
86,hydrocanon,Water,Special,120
87,blizzard,Ice,Special,120
88,lance-soleil,Grass,Special,120
89,fatal-foudre,Electric,Special,120
90,deflagration,Fire,Special,120
91,pique,Flying,Physical,140
92,ultra-laser,Normal,Special,150